2024-11-25 18:23:00,97930.13000000,97982.54000000,97928.20000000,97982.53000000,18.27246000
2024-11-25 18:24:00,97982.54000000,97999.98000000,97944.00000000,97949.99000000,9.10211000
2024-11-25 18:25:00,97949.99000000,97984.25000000,97949.99000000,97984.24000000,10.24976000
2024-11-25 18:26:00,97984.24000000,97984.25000000,97942.00000000,97942.00000000,9.39547000
2024-11-25 18:27:00,97942.01000000,97967.99000000,97892.06000000,97892.06000000,21.62757000
2024-11-25 18:28:00,97892.06000000,97936.66000000,97892.06000000,97904.44000000,13.20820000
2024-11-25 18:30:00,97900.01000000,97929.70000000,97860.00000000,97867.07000000,15.91869000
2024-11-25 18:31:00,97867.08000000,97886.81000000,97847.98000000,97872.20000000,26.96133000
2024-11-25 18:32:00,97872.21000000,97899.00000000,97855.31000000,97898.99000000,8.97832000
2024-11-25 18:33:00,97899.00000000,97922.00000000,97877.50000000,97893.90000000,20.11682000
2024-11-25 18:34:00,97893.91000000,97893.91000000,97763.22000000,97763.22000000,51.65781000
2024-11-25 18:35:00,97763.23000000,97764.01000000,97653.50000000,97660.88000000,51.22460000
2024-11-25 18:36:00,97660.89000000,97699.98000000,97577.01000000,97586.98000000,107.55929000
2024-11-25 18:37:00,97586.99000000,97634.06000000,97568.00000000,97590.67000000,24.50534000
2024-11-25 18:38:00,97590.68000000,97592.31000000,97464.00000000,97464.00000000,40.28473000
2024-11-25 18:39:00,97464.01000000,97464.01000000,97343.28000000,97397.59000000,176.72651000
2024-11-25 18:40:00,97397.60000000,97498.92000000,97338.86000000,97338.86000000,63.15400000
2024-11-25 18:41:00,97338.86000000,97338.86000000,97250.76000000,97265.02000000,52.29408000
2024-11-25 18:42:00,97265.02000000,97448.28000000,97250.00000000,97399.98000000,78.84857000
2024-11-25 18:43:00,97399.99000000,97439.12000000,97355.68000000,97438.72000000,29.65783000
2024-11-25 18:44:00,97438.72000000,97500.00000000,97438.72000000,97500.00000000,64.93332000
2024-11-25 18:45:00,97499.99000000,97500.00000000,97412.78000000,97417.01000000,40.23610000
2024-11-25 18:46:00,97417.02000000,97499.99000000,97330.00000000,97330.00000000,36.30628000
2024-11-25 18:47:00,97330.00000000,97389.06000000,97272.05000000,97289.50000000,38.75396000
2024-11-25 18:48:00,97289.51000000,97304.65000000,97222.22000000,97222.23000000,47.36014000
2024-11-25 18:49:00,97222.24000000,97330.00000000,97222.23000000,97322.35000000,41.02469000
2024-11-25 18:50:00,97322.35000000,97367.88000000,97281.34000000,97305.31000000,33.76328000
2024-11-25 18:51:00,97305.32000000,97305.32000000,97262.31000000,97272.84000000,32.50117000
2024-11-25 18:52:00,97272.85000000,97274.16000000,97241.37000000,97241.38000000,15.90111000
2024-11-25 18:53:00,97241.37000000,97370.07000000,97241.37000000,97356.05000000,31.80133000
2024-11-25 18:54:00,97356.04000000,97450.00000000,97356.04000000,97428.01000000,13.40635000
2024-11-25 18:55:00,97428.00000000,97428.01000000,97328.00000000,97363.88000000,24.94460000
2024-11-25 18:56:00,97363.89000000,97372.00000000,97259.06000000,97335.99000000,35.87783000
2024-11-25 18:57:00,97335.98000000,97396.00000000,97300.00000000,97396.00000000,19.42435000
2024-11-25 18:58:00,97396.00000000,97500.00000000,97365.95000000,97470.41000000,21.61543000
2024-11-25 18:59:00,97470.42000000,97640.29000000,97460.01000000,97636.01000000,35.96558000
2024-11-25 19:00:00,97636.01000000,97648.52000000,97600.00000000,97609.07000000,30.00746000
2024-11-25 19:01:00,97609.06000000,97609.07000000,97543.12000000,97600.00000000,19.62583000
2024-11-25 19:02:00,97599.99000000,97599.99000000,97462.05000000,97462.06000000,22.62380000
2024-11-25 19:03:00,97462.06000000,97492.00000000,97462.05000000,97470.49000000,13.52320000
2024-11-25 19:04:00,97470.50000000,97516.00000000,97458.54000000,97508.39000000,14.62102000
2024-11-25 19:05:00,97508.39000000,97513.00000000,97424.81000000,97424.81000000,20.22846000
2024-11-25 19:06:00,97424.81000000,97530.16000000,97424.81000000,97520.01000000,21.85441000
2024-11-25 19:07:00,97520.02000000,97600.00000000,97476.02000000,97599.69000000,30.20709000
2024-11-25 19:08:00,97599.69000000,97650.00000000,97580.40000000,97599.78000000,31.94892000
2024-11-25 19:09:00,97599.79000000,97639.50000000,97584.81000000,97584.82000000,24.29763000
2024-11-25 19:10:00,97584.81000000,97673.30000000,97584.81000000,97673.29000000,23.65633000
2024-11-25 19:11:00,97673.29000000,97698.36000000,97673.29000000,97687.98000000,18.72937000
2024-11-25 19:12:00,97687.99000000,97793.00000000,97687.98000000,97764.47000000,40.22371000
2024-11-25 19:13:00,97764.47000000,97811.17000000,97760.88000000,97811.17000000,20.72871000
2024-11-25 19:14:00,97811.17000000,97828.58000000,97701.75000000,97701.76000000,71.39952000
2024-11-25 19:15:00,97701.75000000,97730.31000000,97655.97000000,97676.42000000,33.63716000
2024-11-25 19:16:00,97676.43000000,97723.00000000,97662.79000000,97672.96000000,11.29346000
2024-11-25 19:17:00,97672.96000000,97699.79000000,97616.00000000,97668.55000000,23.76640000
2024-11-25 19:18:00,97668.55000000,97704.66000000,97663.54000000,97680.95000000,14.04561000
2024-11-25 19:19:00,97680.95000000,97680.96000000,97584.81000000,97590.55000000,25.14656000
2024-11-25 19:20:00,97590.55000000,97653.00000000,97566.11000000,97647.67000000,36.23624000
2024-11-25 19:21:00,97647.67000000,97694.93000000,97647.67000000,97694.92000000,12.31557000
2024-11-25 19:22:00,97694.93000000,97737.36000000,97673.25000000,97689.30000000,16.47734000
2024-11-25 19:23:00,97689.29000000,97711.12000000,97668.78000000,97711.12000000,12.75674000
2024-11-25 19:24:00,97711.11000000,97733.82000000,97672.96000000,97672.96000000,20.23808000
2024-11-25 19:25:00,97672.97000000,97676.00000000,97573.28000000,97573.29000000,18.76377000
2024-11-25 19:26:00,97573.28000000,97600.00000000,97573.28000000,97594.00000000,19.67503000
2024-11-25 19:27:00,97594.01000000,97594.01000000,97503.17000000,97512.73000000,44.82978000
2024-11-25 19:28:00,97512.73000000,97540.00000000,97496.66000000,97530.60000000,11.85612000
2024-11-25 19:29:00,97530.60000000,97530.61000000,97468.29000000,97468.30000000,17.46086000
2024-11-25 19:30:00,97468.29000000,97496.75000000,97450.00000000,97496.75000000,55.16359000
2024-11-25 19:31:00,97496.76000000,97535.55000000,97496.76000000,97535.54000000,37.56298000
2024-11-25 19:32:00,97535.54000000,97535.55000000,97464.00000000,97490.13000000,17.67185000
2024-11-25 19:33:00,97490.13000000,97490.13000000,97462.00000000,97480.29000000,13.80545000
2024-11-25 19:34:00,97480.29000000,97560.00000000,97480.28000000,97529.81000000,12.33463000
2024-11-25 19:35:00,97529.81000000,97559.02000000,97529.80000000,97530.15000000,11.17408000
2024-11-25 19:36:00,97530.16000000,97560.32000000,97530.15000000,97536.01000000,7.57499000
2024-11-25 19:37:00,97536.01000000,97546.63000000,97486.87000000,97498.37000000,13.28736000
2024-11-25 19:38:00,97498.38000000,97573.23000000,97462.00000000,97573.22000000,17.03314000
2024-11-25 19:39:00,97573.22000000,97615.07000000,97512.11000000,97569.86000000,26.09840000
2024-11-25 19:40:00,97569.87000000,97569.87000000,97459.32000000,97473.24000000,20.12806000
2024-11-25 19:41:00,97473.23000000,97589.51000000,97462.26000000,97589.51000000,10.43536000
2024-11-25 19:42:00,97589.51000000,97640.00000000,97584.00000000,97631.76000000,18.57189000
2024-11-25 19:43:00,97631.75000000,97639.50000000,97600.00000000,97601.40000000,13.43569000
2024-11-25 19:44:00,97601.39000000,97601.40000000,97540.74000000,97547.98000000,11.14390000
2024-11-25 19:45:00,97547.99000000,97565.96000000,97340.04000000,97340.05000000,44.92992000
2024-11-25 19:46:00,97340.05000000,97448.19000000,97284.05000000,97446.67000000,37.95772000
2024-11-25 19:47:00,97446.67000000,97536.34000000,97427.04000000,97476.00000000,28.70822000
2024-11-25 19:48:00,97476.00000000,97513.00000000,97360.04000000,97384.00000000,102.74003000
2024-11-25 19:49:00,97384.00000000,97420.00000000,97364.97000000,97420.00000000,20.81884000
2024-11-25 19:50:00,97419.99000000,97431.90000000,97364.97000000,97431.90000000,25.40630000
2024-11-25 19:51:00,97431.90000000,97439.67000000,97310.00000000,97311.31000000,29.47140000
2024-11-25 19:52:00,97311.31000000,97316.80000000,97202.32000000,97240.00000000,63.41055000
2024-11-25 19:53:00,97239.99000000,97250.84000000,97166.53000000,97189.42000000,35.76293000
2024-11-25 19:54:00,97189.42000000,97195.79000000,97107.21000000,97131.07000000,34.90690000
2024-11-25 19:55:00,97131.07000000,97233.00000000,97131.07000000,97227.82000000,82.84721000
2024-11-25 19:56:00,97227.81000000,97267.32000000,97192.01000000,97234.76000000,19.53887000
2024-11-25 19:57:00,97234.76000000,97267.32000000,97144.07000000,97159.44000000,25.06312000
2024-11-25 19:58:00,97159.44000000,97233.00000000,97159.43000000,97230.00000000,15.74558000
2024-11-25 19:59:00,97229.99000000,97244.00000000,97188.14000000,97244.00000000,22.61297000
2024-11-25 20:00:00,97244.00000000,97256.00000000,97104.87000000,97105.16000000,58.56950000
2024-11-25 20:01:00,97105.17000000,97183.75000000,97070.99000000,97140.01000000,39.81349000
2024-11-25 20:02:00,97140.01000000,97365.25000000,97100.01000000,97276.29000000,49.81652000
2024-11-25 20:03:00,97276.29000000,97320.00000000,97100.00000000,97100.01000000,139.94371000
2024-11-25 20:04:00,97100.01000000,97128.00000000,97000.00000000,97023.51000000,82.87197000
2024-11-25 20:05:00,97023.50000000,97057.36000000,96964.00000000,97000.00000000,82.24500000
2024-11-25 20:06:00,97000.01000000,97027.94000000,96950.92000000,96980.00000000,49.68445000
2024-11-25 20:07:00,96980.01000000,97030.00000000,96952.00000000,97001.07000000,41.19116000
2024-11-25 20:08:00,97001.06000000,97227.82000000,97001.06000000,97140.00000000,67.50443000
2024-11-25 20:09:00,97140.00000000,97140.00000000,97005.07000000,97008.00000000,58.70321000
2024-11-25 20:10:00,97008.01000000,97059.40000000,96899.00000000,96899.00000000,79.45346000
2024-11-25 20:11:00,96899.01000000,96916.00000000,96742.99000000,96780.07000000,126.35345000
2024-11-25 20:12:00,96780.08000000,96780.28000000,96600.00000000,96614.24000000,141.35781000
2024-11-25 20:13:00,96614.24000000,96616.33000000,96521.73000000,96554.67000000,113.31812000
2024-11-25 20:14:00,96554.68000000,96595.07000000,96450.00000000,96595.06000000,219.87090000
2024-11-25 20:15:00,96595.07000000,96619.59000000,96415.33000000,96444.29000000,185.88086000
2024-11-25 20:16:00,96444.29000000,96451.08000000,96298.65000000,96359.93000000,107.22876000
2024-11-25 20:17:00,96359.92000000,96430.70000000,96236.10000000,96236.10000000,88.27595000
2024-11-25 20:18:00,96236.11000000,96254.86000000,96116.00000000,96142.40000000,105.24711000
2024-11-25 20:19:00,96142.40000000,96289.31000000,96049.29000000,96199.97000000,117.40164000
2024-11-25 20:20:00,96199.97000000,96214.99000000,96072.00000000,96119.97000000,81.61290000
2024-11-25 20:21:00,96119.97000000,96119.98000000,95915.90000000,96018.99000000,181.74981000
2024-11-25 20:22:00,96018.99000000,96044.00000000,95835.26000000,95962.99000000,117.28395000
2024-11-25 20:23:00,95962.99000000,95973.58000000,95760.01000000,95867.80000000,152.57278000
2024-11-25 20:24:00,95867.80000000,96166.26000000,95804.01000000,96135.38000000,152.80092000
2024-11-25 20:25:00,96135.38000000,96176.00000000,95964.21000000,96000.00000000,128.63411000
2024-11-25 20:26:00,96000.01000000,96102.15000000,95844.00000000,95864.08000000,87.69595000
2024-11-25 20:27:00,95864.08000000,96000.01000000,95773.80000000,95903.97000000,139.47780000
2024-11-25 20:28:00,95903.97000000,96054.00000000,95824.55000000,95928.01000000,65.06959000
2024-11-25 20:29:00,95928.02000000,95951.26000000,95340.00000000,95385.49000000,384.66689000
2024-11-25 20:30:00,95385.50000000,95776.46000000,95200.00000000,95776.45000000,332.88216000
2024-11-25 20:31:00,95776.45000000,95851.57000000,95608.45000000,95831.21000000,206.64914000
2024-11-25 20:32:00,95831.22000000,95831.22000000,95562.34000000,95568.76000000,158.69923000
2024-11-25 20:33:00,95568.76000000,95765.91000000,95522.34000000,95628.84000000,186.53340000
2024-11-25 20:34:00,95628.85000000,95652.00000000,95362.02000000,95556.00000000,189.03340000
2024-11-25 20:35:00,95555.99000000,95556.00000000,95340.90000000,95436.19000000,164.60792000
2024-11-25 20:36:00,95436.20000000,95616.00000000,95300.00000000,95390.19000000,174.22752000
2024-11-25 20:37:00,95390.20000000,95473.73000000,95272.00000000,95288.03000000,123.98500000
2024-11-25 20:38:00,95288.02000000,95375.85000000,95244.00000000,95312.13000000,113.60612000
2024-11-25 20:39:00,95312.12000000,95312.13000000,95055.96000000,95073.68000000,173.97693000
2024-11-25 20:40:00,95073.69000000,95259.57000000,95000.00000000,95043.62000000,232.88945000
2024-11-25 20:41:00,95043.62000000,95123.58000000,94863.63000000,94944.54000000,315.25207000
2024-11-25 20:42:00,94944.54000000,94965.49000000,94525.00000000,94787.11000000,363.63870000
2024-11-25 20:43:00,94787.11000000,95016.84000000,94724.00000000,94899.95000000,244.34233000
2024-11-25 20:44:00,94899.95000000,95287.50000000,94872.00000000,95252.49000000,190.42852000
2024-11-25 20:45:00,95252.49000000,95400.00000000,95136.01000000,95332.02000000,137.22777000
2024-11-25 20:46:00,95332.02000000,95558.89000000,95262.05000000,95529.66000000,195.56160000
2024-11-25 20:47:00,95529.67000000,95560.00000000,95376.00000000,95438.00000000,114.61632000
2024-11-25 20:48:00,95438.00000000,95586.83000000,95393.60000000,95586.83000000,81.85782000
2024-11-25 20:49:00,95586.83000000,95603.74000000,95356.78000000,95400.00000000,115.27276000
2024-11-25 20:50:00,95400.00000000,95450.00000000,95185.05000000,95231.05000000,161.87617000
2024-11-25 20:51:00,95231.05000000,95332.00000000,95144.97000000,95220.00000000,115.17082000
2024-11-25 20:52:00,95220.01000000,95388.00000000,95220.00000000,95312.20000000,45.93363000
2024-11-25 20:53:00,95312.20000000,95419.96000000,95220.00000000,95419.95000000,52.48101000
2024-11-25 20:54:00,95419.96000000,95620.00000000,95412.01000000,95619.99000000,84.17738000
2024-11-25 20:55:00,95619.99000000,95720.60000000,95564.00000000,95672.02000000,117.87026000
2024-11-25 20:56:00,95672.02000000,95851.57000000,95645.56000000,95795.98000000,100.75369000
2024-11-25 20:57:00,95795.99000000,95920.61000000,95761.63000000,95828.02000000,148.05237000
2024-11-25 20:58:00,95828.02000000,95888.00000000,95809.52000000,95887.99000000,54.53019000
2024-11-25 20:59:00,95887.99000000,96122.49000000,95887.99000000,96109.61000000,163.42357000
2024-11-25 21:00:00,96109.62000000,96333.00000000,96059.69000000,96332.99000000,88.74241000
2024-11-25 21:01:00,96333.00000000,96333.00000000,96072.63000000,96120.02000000,139.22324000
2024-11-25 21:02:00,96120.01000000,96250.88000000,95917.81000000,95964.56000000,171.89106000
2024-11-25 21:03:00,95964.56000000,96080.00000000,95900.00000000,96035.90000000,127.97897000
2024-11-25 21:04:00,96035.91000000,96079.99000000,95886.76000000,95888.01000000,100.70490000
2024-11-25 21:05:00,95888.01000000,95917.90000000,95680.00000000,95800.00000000,212.24854000
2024-11-25 21:06:00,95799.99000000,95811.99000000,95687.90000000,95763.49000000,67.59172000
2024-11-25 21:07:00,95763.48000000,95808.00000000,95657.84000000,95657.85000000,61.28553000
2024-11-25 21:08:00,95657.85000000,95764.00000000,95619.04000000,95746.06000000,34.28652000
2024-11-25 21:09:00,95746.05000000,95746.05000000,95620.00000000,95620.01000000,33.22024000
2024-11-25 21:10:00,95620.01000000,95807.35000000,95555.01000000,95778.09000000,64.89400000
2024-11-25 21:11:00,95778.09000000,96000.00000000,95777.77000000,95996.24000000,36.56895000
2024-11-25 21:12:00,95996.24000000,96092.00000000,95986.49000000,96073.01000000,51.57659000
2024-11-25 21:13:00,96073.01000000,96229.44000000,96064.70000000,96220.01000000,66.79158000
2024-11-25 21:14:00,96220.01000000,96258.35000000,96126.99000000,96140.00000000,51.32836000
2024-11-25 21:15:00,96140.00000000,96144.00000000,95968.59000000,95976.01000000,44.69635000
2024-11-25 21:16:00,95976.01000000,96016.00000000,95944.93000000,95998.83000000,37.00642000
2024-11-25 21:17:00,95998.84000000,96131.30000000,95978.18000000,96060.01000000,39.97791000
2024-11-25 21:18:00,96060.01000000,96276.00000000,96060.00000000,96261.83000000,34.67318000
2024-11-25 21:19:00,96261.84000000,96446.49000000,96239.84000000,96438.11000000,59.12960000
2024-11-25 21:20:00,96438.10000000,96466.52000000,96387.07000000,96412.01000000,61.05968000
2024-11-25 21:21:00,96412.01000000,96412.02000000,96266.66000000,96354.32000000,47.50454000
2024-11-25 21:22:00,96354.32000000,96388.98000000,96169.01000000,96192.35000000,63.19554000
2024-11-25 21:23:00,96192.35000000,96356.00000000,96168.73000000,96314.18000000,89.82356000
2024-11-25 21:24:00,96314.17000000,96390.00000000,96314.17000000,96359.48000000,54.48638000
2024-11-25 21:25:00,96359.49000000,96487.25000000,96359.49000000,96487.24000000,112.55776000
2024-11-25 21:26:00,96487.25000000,96488.95000000,96350.00000000,96412.00000000,56.90466000
2024-11-25 21:27:00,96412.00000000,96424.99000000,96210.00000000,96215.00000000,63.41346000
2024-11-25 21:28:00,96215.00000000,96266.42000000,96111.79000000,96111.79000000,66.53476000
2024-11-25 21:29:00,96111.80000000,96121.89000000,95971.00000000,96000.56000000,78.29725000
2024-11-25 21:30:00,96000.57000000,96055.72000000,95885.48000000,95953.40000000,131.97053000
2024-11-25 21:31:00,95953.41000000,96083.68000000,95953.41000000,96035.98000000,54.10035000
2024-11-25 21:32:00,96035.99000000,96141.55000000,95948.00000000,96139.99000000,76.64935000
2024-11-25 21:33:00,96139.99000000,96273.75000000,96104.02000000,96104.02000000,81.03620000
2024-11-25 21:34:00,96104.02000000,96144.00000000,96036.12000000,96101.01000000,82.33693000
2024-11-25 21:35:00,96101.01000000,96101.02000000,95936.50000000,95936.51000000,41.36912000
2024-11-25 21:36:00,95936.51000000,96068.00000000,95914.25000000,95924.01000000,84.67977000
2024-11-25 21:37:00,95924.01000000,95936.00000000,95804.02000000,95811.97000000,64.19438000
2024-11-25 21:38:00,95811.96000000,95852.00000000,95686.43000000,95755.62000000,88.96829000
2024-11-25 21:39:00,95755.61000000,95766.64000000,95692.35000000,95750.04000000,89.04146000
2024-11-25 21:40:00,95750.03000000,95892.00000000,95750.03000000,95884.00000000,39.59122000
2024-11-25 21:41:00,95884.01000000,96080.43000000,95844.01000000,96007.00000000,55.84838000
2024-11-25 21:42:00,96007.00000000,96132.88000000,96000.00000000,96130.01000000,75.01045000
2024-11-25 21:43:00,96130.01000000,96200.00000000,96072.00000000,96128.65000000,84.74774000
2024-11-25 21:44:00,96128.65000000,96210.90000000,96128.65000000,96147.97000000,36.90812000
2024-11-25 21:45:00,96147.97000000,96285.72000000,96147.97000000,96191.98000000,41.46359000
2024-11-25 21:46:00,96191.98000000,96220.16000000,96024.48000000,96073.48000000,38.41021000
2024-11-25 21:47:00,96073.47000000,96121.82000000,96001.50000000,96051.86000000,41.79495000
2024-11-25 21:48:00,96051.87000000,96246.08000000,96051.87000000,96175.97000000,32.19547000
2024-11-25 21:49:00,96175.96000000,96332.03000000,96175.96000000,96289.89000000,33.37713000
2024-11-25 21:50:00,96289.88000000,96349.14000000,96276.00000000,96317.47000000,28.77263000
2024-11-25 21:51:00,96317.47000000,96480.43000000,96317.46000000,96459.87000000,32.97416000
2024-11-25 21:52:00,96459.87000000,96500.00000000,96396.00000000,96404.02000000,36.25536000
2024-11-25 21:53:00,96404.02000000,96443.48000000,96292.00000000,96292.01000000,18.36152000
2024-11-25 21:54:00,96292.01000000,96322.76000000,96184.00000000,96194.74000000,29.04535000
2024-11-25 21:55:00,96194.74000000,96380.95000000,96194.73000000,96294.78000000,14.19308000
2024-11-25 21:56:00,96294.79000000,96305.70000000,96188.00000000,96269.72000000,28.12132000
2024-11-25 21:57:00,96269.72000000,96307.99000000,96196.00000000,96252.52000000,116.79706000
2024-11-25 21:58:00,96252.53000000,96291.60000000,96131.23000000,96152.00000000,34.78007000
2024-11-25 21:59:00,96152.00000000,96159.70000000,96056.00000000,96095.99000000,24.41262000
2024-11-25 22:00:00,96095.99000000,96249.13000000,96090.09000000,96249.13000000,22.34534000
2024-11-25 22:01:00,96249.13000000,96330.47000000,96224.27000000,96327.99000000,20.26640000
2024-11-25 22:02:00,96328.00000000,96378.78000000,96203.92000000,96247.99000000,23.37267000
2024-11-25 22:03:00,96248.00000000,96298.99000000,96129.90000000,96211.09000000,28.20230000
2024-11-25 22:04:00,96211.10000000,96231.98000000,96140.00000000,96159.90000000,23.85123000
2024-11-25 22:05:00,96159.90000000,96190.44000000,96011.68000000,96019.95000000,36.85826000
2024-11-25 22:06:00,96019.95000000,96079.97000000,96000.70000000,96016.59000000,32.37291000
2024-11-25 22:07:00,96016.60000000,96056.00000000,96000.25000000,96022.00000000,26.47027000
2024-11-25 22:08:00,96022.00000000,96022.01000000,95954.35000000,95954.42000000,23.08501000
2024-11-25 22:09:00,95954.42000000,96015.49000000,95954.36000000,95975.99000000,33.19664000
2024-11-25 22:10:00,95975.99000000,96013.66000000,95975.99000000,95990.01000000,14.55676000
2024-11-25 22:11:00,95990.02000000,96048.76000000,95939.88000000,95960.00000000,29.51100000
2024-11-25 22:12:00,95960.01000000,95960.01000000,95890.67000000,95936.00000000,62.30005000
2024-11-25 22:13:00,95936.00000000,95968.00000000,95833.33000000,95841.08000000,32.07800000
2024-11-25 22:14:00,95841.09000000,96000.00000000,95841.08000000,95863.99000000,37.77836000
2024-11-25 22:15:00,95863.99000000,95899.82000000,95840.00000000,95899.81000000,39.51510000
2024-11-25 22:16:00,95899.81000000,96020.00000000,95824.00000000,95824.00000000,25.59203000
2024-11-25 22:17:00,95824.00000000,95900.00000000,95812.50000000,95831.05000000,27.02415000
2024-11-25 22:18:00,95831.06000000,95912.00000000,95831.06000000,95844.01000000,35.54255000
2024-11-25 22:19:00,95844.00000000,95844.01000000,95756.00000000,95760.02000000,25.58556000
2024-11-25 22:20:00,95760.03000000,95769.75000000,95711.20000000,95714.28000000,55.23591000
2024-11-25 22:21:00,95714.28000000,95867.14000000,95714.28000000,95867.14000000,30.78380000
2024-11-25 22:22:00,95867.14000000,96007.98000000,95800.88000000,96007.97000000,41.97193000
2024-11-25 22:23:00,96007.98000000,96129.86000000,96007.97000000,96028.01000000,29.72847000
2024-11-25 22:24:00,96028.00000000,96028.01000000,95876.23000000,95878.99000000,27.29914000
2024-11-25 22:25:00,95879.00000000,96000.00000000,95878.99000000,95955.98000000,12.88727000
2024-11-25 22:26:00,95955.99000000,95997.00000000,95924.81000000,95996.99000000,23.21543000
2024-11-25 22:27:00,95997.00000000,96051.57000000,95901.02000000,96051.56000000,19.41672000
2024-11-25 22:28:00,96051.56000000,96060.00000000,95924.00000000,95924.00000000,12.10507000
2024-11-25 22:29:00,95924.00000000,95976.47000000,95912.00000000,95912.00000000,11.20914000
2024-11-25 22:30:00,95912.00000000,95912.00000000,95800.14000000,95800.14000000,29.04547000
2024-11-25 22:31:00,95800.14000000,95846.70000000,95721.59000000,95816.03000000,55.92316000
2024-11-25 22:32:00,95816.02000000,95883.99000000,95737.47000000,95740.00000000,28.35107000
2024-11-25 22:33:00,95740.00000000,95740.01000000,95548.00000000,95599.04000000,81.18286000
2024-11-25 22:34:00,95599.03000000,95700.00000000,95564.70000000,95593.56000000,29.48331000
2024-11-25 22:35:00,95593.56000000,95623.99000000,95500.00000000,95516.25000000,45.93560000
2024-11-25 22:36:00,95516.25000000,95533.36000000,95461.91000000,95495.73000000,30.56667000
2024-11-25 22:37:00,95495.73000000,95641.57000000,95488.00000000,95641.57000000,28.41598000
2024-11-25 22:38:00,95641.57000000,95645.94000000,95500.00000000,95504.67000000,29.05655000
2024-11-25 22:39:00,95504.67000000,95508.53000000,95404.50000000,95457.67000000,40.79344000
2024-11-25 22:40:00,95457.68000000,95516.33000000,95394.21000000,95419.99000000,70.91784000
2024-11-25 22:41:00,95420.00000000,95470.98000000,95320.03000000,95322.47000000,49.92592000
2024-11-25 22:42:00,95322.47000000,95322.56000000,95200.00000000,95220.00000000,117.49753000
2024-11-25 22:43:00,95220.01000000,95299.72000000,95190.16000000,95190.18000000,60.69533000
2024-11-25 22:44:00,95190.17000000,95199.69000000,95050.01000000,95052.00000000,61.55691000
2024-11-25 22:45:00,95052.01000000,95275.69000000,95052.01000000,95202.30000000,70.73001000
2024-11-25 22:46:00,95202.31000000,95292.28000000,95180.01000000,95232.48000000,41.67346000
2024-11-25 22:47:00,95232.49000000,95232.49000000,95068.90000000,95093.76000000,59.79736000
2024-11-25 22:48:00,95093.76000000,95247.29000000,95093.76000000,95247.28000000,41.48322000
2024-11-25 22:49:00,95247.29000000,95374.99000000,95243.31000000,95297.68000000,38.17888000
2024-11-25 22:50:00,95297.69000000,95297.69000000,95068.62000000,95104.00000000,60.94823000
2024-11-25 22:51:00,95104.01000000,95167.75000000,94908.71000000,94940.01000000,183.09983000
2024-11-25 22:52:00,94940.01000000,95028.34000000,94904.54000000,94983.99000000,77.88662000
2024-11-25 22:53:00,94983.99000000,95049.51000000,94902.53000000,94936.78000000,79.41292000
2024-11-25 22:54:00,94936.79000000,94971.79000000,94850.00000000,94864.77000000,67.08553000
2024-11-25 22:55:00,94864.77000000,95140.09000000,94857.14000000,95140.00000000,100.28079000
2024-11-25 22:56:00,95140.00000000,95220.39000000,95049.76000000,95049.76000000,84.27912000
2024-11-25 22:57:00,95048.01000000,95150.67000000,95048.01000000,95122.65000000,51.64966000
2024-11-25 22:58:00,95122.65000000,95126.42000000,95058.80000000,95069.44000000,34.10350000
2024-11-25 22:59:00,95069.44000000,95156.00000000,95012.91000000,95075.92000000,40.32080000
2024-11-25 23:00:00,95075.93000000,95409.11000000,95064.00000000,95324.00000000,129.54401000
2024-11-25 23:01:00,95324.01000000,95466.43000000,95311.44000000,95422.65000000,117.73977000
2024-11-25 23:02:00,95422.65000000,95490.36000000,95333.33000000,95490.35000000,39.31098000
2024-11-25 23:03:00,95490.35000000,95601.48000000,95469.85000000,95569.64000000,39.57835000
2024-11-25 23:04:00,95569.65000000,95569.65000000,95461.29000000,95499.97000000,22.55997000
2024-11-25 23:05:00,95499.98000000,95523.81000000,95368.00000000,95446.58000000,33.04903000
2024-11-25 23:06:00,95446.58000000,95446.58000000,95144.78000000,95144.78000000,78.81691000
2024-11-25 23:07:00,95144.79000000,95303.99000000,95144.78000000,95231.06000000,20.86820000
2024-11-25 23:08:00,95231.06000000,95244.00000000,95156.05000000,95223.46000000,47.28736000
2024-11-25 23:09:00,95223.46000000,95280.00000000,95150.33000000,95150.33000000,37.44190000
2024-11-25 23:10:00,95150.01000000,95150.01000000,95032.34000000,95073.10000000,30.90801000
2024-11-25 23:11:00,95073.10000000,95100.00000000,95001.96000000,95025.84000000,63.16196000
2024-11-25 23:12:00,95025.83000000,95094.00000000,94969.45000000,95031.98000000,35.86660000
2024-11-25 23:13:00,95031.98000000,95098.74000000,94981.42000000,94981.42000000,33.43037000
2024-11-25 23:14:00,94981.43000000,95021.21000000,94944.44000000,94952.00000000,36.18031000
2024-11-25 23:15:00,94951.99000000,94987.28000000,94850.00000000,94952.39000000,54.11192000
2024-11-25 23:16:00,94952.39000000,94974.65000000,94876.00000000,94970.77000000,33.64279000
2024-11-25 23:17:00,94970.77000000,95104.19000000,94954.87000000,95063.98000000,53.72382000
2024-11-25 23:18:00,95063.99000000,95272.00000000,95063.98000000,95232.06000000,48.01008000
2024-11-25 23:19:00,95232.05000000,95232.06000000,95036.00000000,95039.99000000,19.54937000
2024-11-25 23:20:00,95039.98000000,95209.06000000,95028.00000000,95152.01000000,43.13107000
2024-11-25 23:21:00,95152.02000000,95175.64000000,95060.00000000,95161.34000000,35.13445000
2024-11-25 23:22:00,95161.34000000,95292.85000000,95137.03000000,95292.85000000,25.00335000
2024-11-25 23:23:00,95292.84000000,95328.00000000,95233.64000000,95306.77000000,32.91767000
2024-11-25 23:24:00,95306.76000000,95351.57000000,95280.00000000,95280.01000000,15.21020000
2024-11-25 23:25:00,95280.01000000,95291.52000000,95176.04000000,95263.99000000,25.67785000
2024-11-25 23:26:00,95263.99000000,95268.12000000,95170.01000000,95250.00000000,19.35016000
2024-11-25 23:27:00,95249.99000000,95340.00000000,95249.99000000,95306.06000000,20.05896000
2024-11-25 23:28:00,95306.06000000,95328.00000000,95276.00000000,95316.78000000,15.43149000
2024-11-25 23:29:00,95316.79000000,95316.79000000,95238.09000000,95238.09000000,15.85582000
2024-11-25 23:30:00,95238.10000000,95238.10000000,95112.01000000,95116.01000000,50.62386000
2024-11-25 23:31:00,95116.01000000,95159.42000000,95011.23000000,95011.24000000,25.53334000
2024-11-25 23:32:00,95011.23000000,95079.37000000,94970.29000000,95064.00000000,35.33439000
2024-11-25 23:33:00,95064.00000000,95258.19000000,95061.33000000,95098.09000000,37.31937000
2024-11-25 23:34:00,95098.09000000,95320.00000000,95052.00000000,95319.99000000,27.76676000
2024-11-25 23:35:00,95320.00000000,95320.00000000,95060.00000000,95074.89000000,28.99810000
2024-11-25 23:36:00,95074.89000000,95190.53000000,95072.32000000,95151.52000000,26.33582000
2024-11-25 23:37:00,95151.51000000,95171.99000000,95074.44000000,95136.01000000,19.71130000
2024-11-25 23:38:00,95136.00000000,95371.08000000,95116.00000000,95363.99000000,52.54931000
2024-11-25 23:39:00,95363.98000000,95447.95000000,95360.00000000,95441.95000000,45.51959000
2024-11-25 23:40:00,95441.94000000,95500.00000000,95416.00000000,95470.14000000,33.18748000
2024-11-25 23:41:00,95470.13000000,95473.76000000,95420.82000000,95468.00000000,29.63616000
2024-11-25 23:42:00,95468.01000000,95561.93000000,95466.83000000,95551.62000000,25.39147000
2024-11-25 23:43:00,95551.61000000,95613.75000000,95504.63000000,95591.98000000,32.87096000
2024-11-25 23:44:00,95591.99000000,95675.62000000,95576.01000000,95669.35000000,22.96026000
2024-11-25 23:45:00,95669.35000000,95688.99000000,95609.50000000,95640.72000000,75.86286000
2024-11-25 23:46:00,95640.72000000,95700.00000000,95524.20000000,95555.54000000,39.94950000
2024-11-25 23:47:00,95555.53000000,95888.00000000,95554.77000000,95804.36000000,52.27046000
2024-11-25 23:48:00,95804.35000000,95899.02000000,95780.02000000,95885.67000000,38.46991000
2024-11-25 23:49:00,95885.66000000,95908.59000000,95837.82000000,95837.82000000,21.82733000
2024-11-25 23:50:00,95837.82000000,95844.00000000,95700.00000000,95704.28000000,26.88851000
2024-11-25 23:51:00,95704.29000000,95769.13000000,95632.21000000,95632.21000000,24.37131000
2024-11-25 23:52:00,95632.21000000,95632.21000000,95534.22000000,95535.22000000,12.38907000
2024-11-25 23:53:00,95535.22000000,95720.00000000,95522.00000000,95719.99000000,20.96006000
2024-11-25 23:54:00,95719.99000000,95760.00000000,95686.61000000,95696.99000000,71.90388000
2024-11-25 23:55:00,95697.00000000,95716.00000000,95628.00000000,95641.24000000,29.17188000
2024-11-25 23:56:00,95641.24000000,95714.29000000,95616.00000000,95714.28000000,27.16841000
2024-11-25 23:57:00,95714.28000000,95714.29000000,95620.00000000,95665.93000000,30.88316000
2024-11-25 23:58:00,95665.94000000,95687.99000000,95550.14000000,95550.14000000,42.59384000
2024-11-25 23:59:00,95550.14000000,95556.13000000,95437.38000000,95458.45000000,38.05838000
2024-11-26 00:00:00,95458.45000000,95515.37000000,95412.52000000,95417.92000000,28.04135000
2024-11-26 00:01:00,95417.93000000,95483.86000000,95381.08000000,95453.66000000,47.36025000
2024-11-26 00:02:00,95453.67000000,95479.98000000,95403.00000000,95468.03000000,37.00346000
2024-11-26 00:03:00,95468.04000000,95573.38000000,95428.00000000,95548.89000000,73.05162000
2024-11-26 00:04:00,95548.89000000,95565.13000000,95472.00000000,95494.16000000,32.93798000
2024-11-26 00:05:00,95494.15000000,95494.15000000,95324.77000000,95348.00000000,36.21384000
2024-11-26 00:06:00,95348.00000000,95400.00000000,95291.20000000,95372.02000000,68.45902000
2024-11-26 00:07:00,95372.01000000,95372.01000000,95264.00000000,95292.51000000,52.59565000
2024-11-26 00:08:00,95292.51000000,95292.51000000,95232.16000000,95232.16000000,34.16460000
2024-11-26 00:09:00,95232.17000000,95263.00000000,95225.95000000,95252.00000000,6.44798000
2024-11-26 00:10:00,95252.00000000,95410.31000000,95221.00000000,95221.01000000,32.49232000
2024-11-26 00:11:00,95221.01000000,95279.99000000,95180.86000000,95190.09000000,19.75304000
2024-11-26 00:12:00,95190.08000000,95190.08000000,95080.00000000,95085.22000000,20.34647000
2024-11-26 00:13:00,95085.22000000,95136.15000000,95085.22000000,95100.01000000,14.14124000
2024-11-26 00:14:00,95100.01000000,95100.01000000,95004.00000000,95004.01000000,24.19361000
2024-11-26 00:15:00,95004.01000000,95114.60000000,94944.42000000,95114.59000000,39.36760000
2024-11-26 00:16:00,95114.60000000,95194.86000000,95114.60000000,95148.01000000,24.83852000
2024-11-26 00:18:00,94960.01000000,94960.01000000,94856.67000000,94933.99000000,38.43405000
2024-11-26 00:19:00,94933.99000000,94984.13000000,94905.05000000,94936.01000000,41.88821000
2024-11-26 00:20:00,94936.01000000,95132.12000000,94933.44000000,95132.11000000,39.95320000
2024-11-26 00:21:00,95132.12000000,95183.99000000,95085.00000000,95158.05000000,29.64214000
2024-11-26 00:22:00,95158.05000000,95184.27000000,95012.70000000,95012.71000000,18.09176000
2024-11-26 00:23:00,95012.71000000,95115.46000000,95012.71000000,95113.13000000,13.51161000
2024-11-26 00:24:00,95113.13000000,95124.00000000,95047.61000000,95047.61000000,22.58481000
2024-11-26 00:25:00,95044.02000000,95135.48000000,95044.02000000,95104.01000000,30.61750000
2024-11-26 00:26:00,95104.01000000,95140.00000000,95067.53000000,95130.00000000,18.05282000
2024-11-26 00:27:00,95130.00000000,95142.86000000,95076.00000000,95076.00000000,15.77130000
2024-11-26 00:28:00,95075.41000000,95147.50000000,94964.01000000,95000.02000000,35.37689000
2024-11-26 00:29:00,95000.02000000,95140.00000000,94993.51000000,95139.99000000,14.63472000
2024-11-26 00:30:00,95140.00000000,95156.00000000,94924.00000000,94976.02000000,49.48042000
2024-11-26 00:31:00,94976.02000000,95053.43000000,94928.08000000,94933.45000000,18.73342000
2024-11-26 00:32:00,94933.46000000,95050.00000000,94933.45000000,94976.02000000,15.33320000
2024-11-26 00:33:00,94976.02000000,94988.00000000,94868.01000000,94900.00000000,27.68253000
2024-11-26 00:34:00,94900.00000000,95015.88000000,94900.00000000,94920.63000000,35.91385000
2024-11-26 00:35:00,94920.63000000,94936.00000000,94800.00000000,94824.01000000,77.87391000
2024-11-26 00:36:00,94824.01000000,94908.00000000,94800.00000000,94864.99000000,59.00721000
2024-11-26 00:37:00,94864.99000000,95133.34000000,94820.68000000,95125.84000000,48.16670000
2024-11-26 00:38:00,95125.85000000,95251.97000000,95125.84000000,95225.01000000,60.93427000
2024-11-26 00:39:00,95225.01000000,95225.01000000,95092.00000000,95107.99000000,34.57983000
2024-11-26 00:40:00,95107.99000000,95213.65000000,95071.14000000,95184.00000000,42.41779000
2024-11-26 00:41:00,95184.00000000,95288.00000000,95174.60000000,95232.02000000,28.55785000
2024-11-26 00:42:00,95232.02000000,95254.70000000,95188.02000000,95220.02000000,23.68274000
2024-11-26 00:43:00,95220.01000000,95228.00000000,95160.20000000,95195.93000000,34.11011000
2024-11-26 00:44:00,95195.93000000,95220.02000000,95129.61000000,95184.84000000,30.25411000
2024-11-26 00:45:00,95184.83000000,95187.99000000,95048.33000000,95048.34000000,53.82716000
2024-11-26 00:46:00,95048.34000000,95053.58000000,94951.12000000,95020.00000000,65.81657000
2024-11-26 00:47:00,95019.99000000,95136.00000000,94998.47000000,95090.68000000,25.52800000
2024-11-26 00:48:00,95090.67000000,95126.06000000,94978.36000000,95096.01000000,43.94531000
2024-11-26 00:49:00,95096.00000000,95096.00000000,94941.84000000,94961.77000000,45.75192000
2024-11-26 00:50:00,94961.77000000,94972.16000000,94837.22000000,94839.40000000,19.93164000
2024-11-26 00:51:00,94839.40000000,94839.41000000,94642.78000000,94642.79000000,98.13655000
2024-11-26 00:52:00,94642.79000000,94715.99000000,94639.34000000,94639.35000000,56.47159000
2024-11-26 00:53:00,94639.35000000,94695.99000000,94400.00000000,94485.39000000,183.29125000
2024-11-26 00:54:00,94485.39000000,94634.93000000,94456.00000000,94604.00000000,57.41116000
2024-11-26 00:55:00,94604.00000000,94847.82000000,94604.00000000,94847.82000000,58.83098000
2024-11-26 00:56:00,94847.82000000,94879.99000000,94800.00000000,94861.87000000,86.31412000
2024-11-26 00:57:00,94861.87000000,94861.87000000,94707.97000000,94747.15000000,24.18624000
2024-11-26 00:58:00,94747.14000000,94909.43000000,94721.90000000,94909.42000000,43.90150000
2024-11-26 00:59:00,94909.42000000,95100.00000000,94885.77000000,95084.52000000,34.35603000
2024-11-26 01:00:00,95084.51000000,95146.64000000,95058.68000000,95146.63000000,38.66504000
2024-11-26 01:01:00,95146.63000000,95199.99000000,95039.58000000,95065.57000000,35.82466000
2024-11-26 01:02:00,95065.56000000,95108.00000000,94945.44000000,94971.60000000,45.11033000
2024-11-26 01:03:00,94971.60000000,95039.58000000,94953.85000000,94987.99000000,31.65990000
2024-11-26 01:04:00,94987.99000000,95096.00000000,94888.95000000,94888.95000000,25.60039000
2024-11-26 01:05:00,94888.96000000,94933.93000000,94800.05000000,94800.05000000,69.14241000
2024-11-26 01:06:00,94800.06000000,94800.06000000,94565.04000000,94585.53000000,63.51307000
2024-11-26 01:07:00,94585.53000000,94644.00000000,94550.97000000,94590.05000000,42.73144000
2024-11-26 01:08:00,94590.06000000,94767.35000000,94590.06000000,94703.28000000,48.79442000
2024-11-26 01:09:00,94703.29000000,94703.29000000,94588.00000000,94665.32000000,45.36188000
2024-11-26 01:10:00,94665.33000000,94909.83000000,94665.32000000,94863.99000000,33.25381000
2024-11-26 01:11:00,94864.00000000,94956.14000000,94857.14000000,94956.13000000,32.70745000
2024-11-26 01:12:00,94956.14000000,95124.00000000,94956.14000000,95072.01000000,47.30072000
2024-11-26 01:13:00,95072.01000000,95107.16000000,95040.34000000,95056.51000000,26.87662000
2024-11-26 01:14:00,95056.52000000,95125.00000000,95050.00000000,95072.00000000,39.13254000
2024-11-26 01:15:00,95072.00000000,95107.99000000,94997.94000000,95063.05000000,33.93552000
2024-11-26 01:16:00,95063.05000000,95125.00000000,95004.00000000,95006.79000000,29.53636000
2024-11-26 01:17:00,95006.80000000,95019.40000000,94840.00000000,94859.33000000,21.03722000
2024-11-26 01:18:00,94859.34000000,94922.22000000,94800.00000000,94800.00000000,20.66665000
2024-11-26 01:19:00,94800.00000000,94872.02000000,94768.00000000,94808.02000000,36.25977000
2024-11-26 01:20:00,94808.02000000,94866.89000000,94736.00000000,94816.98000000,56.18272000
2024-11-26 01:21:00,94816.98000000,94914.61000000,94800.00000000,94914.61000000,50.36162000
2024-11-26 01:22:00,94914.61000000,94971.83000000,94824.00000000,94863.49000000,42.76734000
2024-11-26 01:23:00,94863.49000000,94888.01000000,94800.00000000,94800.00000000,23.12419000
